{"cameraMode":{"drawMode":0,"name":"Shaded","section":"Shading Mode"},"sceneLighting":false,"audioPlay":false,"sceneViewState":{"showFog":true,"showMaterialUpdate":false,"showSkybox":false,"showFlares":true,"showImageEffects":true,"showParticleSystems":true},"in2DMode":false,"pivot":{"x":-0.7496890425682068,"y":-0.07406342774629593,"z":-0.3608948886394501},"rotation":{"x":-0.029223212972283365,"y":0.9558311700820923,"z":-0.27413925528526308,"w":-0.10189187526702881},"size":13.608617782592774,"orthographic":false}