{"cameraMode":{"drawMode":0,"name":"Shaded","section":"Shading Mode"},"sceneLighting":false,"audioPlay":false,"sceneViewState":{"showFog":true,"showMaterialUpdate":false,"showSkybox":false,"showFlares":true,"showImageEffects":true,"showParticleSystems":true},"in2DMode":false,"pivot":{"x":-5.254615783691406,"y":6.219764232635498,"z":-3.2648239135742189},"rotation":{"x":-0.08853459358215332,"y":0.570405125617981,"z":-0.062023043632507327,"w":-0.8142219185829163},"size":11.839871406555176,"orthographic":false}