{"cameraMode":{"drawMode":0,"name":"Shaded","section":"Shading Mode"},"sceneLighting":false,"audioPlay":false,"sceneViewState":{"showFog":true,"showMaterialUpdate":false,"showSkybox":false,"showFlares":true,"showImageEffects":true,"showParticleSystems":true},"in2DMode":false,"pivot":{"x":-1.2030794620513917,"y":4.9732160568237309,"z":0.33438238501548769},"rotation":{"x":-0.16353987157344819,"y":-0.6689046025276184,"z":0.15435399115085603,"w":-0.7085869312286377},"size":1.9040119647979737,"orthographic":false}