{"cameraMode":{"drawMode":0,"name":"Shaded","section":"Shading Mode"},"sceneLighting":false,"audioPlay":false,"sceneViewState":{"showFog":true,"showMaterialUpdate":false,"showSkybox":false,"showFlares":true,"showImageEffects":true,"showParticleSystems":true},"in2DMode":false,"pivot":{"x":0.02059226483106613,"y":0.209989994764328,"z":0.013961445540189743},"rotation":{"x":-0.015120401978492737,"y":0.9839075207710266,"z":-0.1459968239068985,"w":-0.10190045833587647},"size":0.3020310401916504,"orthographic":false}