{"cameraMode":{"drawMode":0,"name":"Shaded","section":"Shading Mode"},"sceneLighting":false,"audioPlay":false,"sceneViewState":{"showFog":true,"showMaterialUpdate":false,"showSkybox":false,"showFlares":true,"showImageEffects":true,"showParticleSystems":true},"in2DMode":false,"pivot":{"x":20.45623207092285,"y":-1.275874137878418,"z":-0.07997989654541016},"rotation":{"x":0.0230635404586792,"y":0.22800813615322114,"z":0.005403368733823299,"w":-0.9733736515045166},"size":7.69944953918457,"orthographic":false}