{"cameraMode":{"drawMode":0,"name":"Shaded","section":"Shading Mode"},"sceneLighting":false,"audioPlay":false,"sceneViewState":{"showFog":true,"showMaterialUpdate":false,"showSkybox":false,"showFlares":true,"showImageEffects":true,"showParticleSystems":true},"in2DMode":false,"pivot":{"x":-0.07320916652679444,"y":0.6636189222335815,"z":0.010847747325897217},"rotation":{"x":0.31923842430114748,"y":0.15262079238891602,"z":-0.05217428877949715,"w":0.9338477849960327},"size":1.5201318264007569,"orthographic":false}