{"cameraMode":{"drawMode":0,"name":"Shaded","section":"Shading Mode"},"sceneLighting":false,"audioPlay":false,"sceneViewState":{"showFog":true,"showMaterialUpdate":false,"showSkybox":false,"showFlares":true,"showImageEffects":true,"showParticleSystems":true},"in2DMode":false,"pivot":{"x":3.5684568881988527,"y":4.1280622482299809,"z":3.0347886085510256},"rotation":{"x":0.35742056369781496,"y":-0.2210402637720108,"z":0.08746752142906189,"w":0.9032192230224609},"size":5.312666893005371,"orthographic":false}