{"cameraMode":{"drawMode":0,"name":"Shaded","section":"Shading Mode"},"sceneLighting":false,"audioPlay":false,"sceneViewState":{"showFog":true,"showMaterialUpdate":false,"showSkybox":false,"showFlares":true,"showImageEffects":true,"showParticleSystems":true},"in2DMode":false,"pivot":{"x":-0.48499974608421328,"y":0.000001475214958190918,"z":1.0000029802322388},"rotation":{"x":-0.1712881326675415,"y":0.7010232210159302,"z":-0.17960599064826966,"w":-0.6685597896575928},"size":0.6259792447090149,"orthographic":false}