{"cameraMode":{"drawMode":0,"name":"Shaded","section":"Shading Mode"},"sceneLighting":false,"audioPlay":false,"sceneViewState":{"showFog":true,"showMaterialUpdate":false,"showSkybox":false,"showFlares":true,"showImageEffects":true,"showParticleSystems":true},"in2DMode":false,"pivot":{"x":-5.515371799468994,"y":1.4546865224838257,"z":22.07019805908203},"rotation":{"x":0.008269964717328549,"y":-0.987205445766449,"z":0.14952495694160462,"w":0.05578428879380226},"size":0.5841900110244751,"orthographic":false}