{"cameraMode":{"drawMode":0,"name":"Shaded","section":"Shading Mode"},"sceneLighting":false,"audioPlay":false,"sceneViewState":{"showFog":true,"showMaterialUpdate":false,"showSkybox":false,"showFlares":true,"showImageEffects":true,"showParticleSystems":true},"in2DMode":false,"pivot":{"x":0.335860937833786,"y":8.355560302734375,"z":1.1744874715805054},"rotation":{"x":-0.01364649273455143,"y":-0.986377477645874,"z":-0.11113353073596955,"w":0.12133368104696274},"size":2.948716640472412,"orthographic":false}