{"cameraMode":{"drawMode":0,"name":"Shaded","section":"Shading Mode"},"sceneLighting":false,"audioPlay":false,"sceneViewState":{"showFog":true,"showMaterialUpdate":false,"showSkybox":false,"showFlares":true,"showImageEffects":true,"showParticleSystems":true},"in2DMode":false,"pivot":{"x":-0.07742786407470703,"y":7.3712921142578129,"z":-0.30755770206451418},"rotation":{"x":-0.029223212972283365,"y":0.9558311700820923,"z":-0.27413925528526308,"w":-0.10189187526702881},"size":7.460059642791748,"orthographic":false}