{"cameraMode":{"drawMode":0,"name":"Shaded","section":"Shading Mode"},"sceneLighting":false,"audioPlay":false,"sceneViewState":{"showFog":true,"showMaterialUpdate":false,"showSkybox":false,"showFlares":true,"showImageEffects":true,"showParticleSystems":true},"in2DMode":false,"pivot":{"x":12.5,"y":1.499999761581421,"z":-1.0000005960464478},"rotation":{"x":0.08678589016199112,"y":-0.9131153225898743,"z":0.2692831754684448,"w":0.2939058244228363},"size":1.6583142280578614,"orthographic":false}