{"cameraMode":{"drawMode":0,"name":"Shaded","section":"Shading Mode"},"sceneLighting":false,"audioPlay":false,"sceneViewState":{"showFog":true,"showMaterialUpdate":false,"showSkybox":false,"showFlares":true,"showImageEffects":true,"showParticleSystems":true},"in2DMode":false,"pivot":{"x":-1.669621467590332,"y":3.847311019897461,"z":1.7638792991638184},"rotation":{"x":0.044105302542448047,"y":0.9540405869483948,"z":-0.1768752932548523,"w":0.23800978064537049},"size":8.823009490966797,"orthographic":false}