{"cameraMode":{"drawMode":0,"name":"Shaded","section":"Shading Mode"},"sceneLighting":false,"audioPlay":false,"sceneViewState":{"showFog":true,"showMaterialUpdate":false,"showSkybox":false,"showFlares":true,"showImageEffects":true,"showParticleSystems":true},"in2DMode":false,"pivot":{"x":-0.4415333569049835,"y":0.0009599588811397553,"z":-0.00006553530693054199},"rotation":{"x":-0.01593107357621193,"y":0.938450276851654,"z":-0.3423584997653961,"w":-0.04368632286787033},"size":0.493158221244812,"orthographic":false}