{"cameraMode":{"drawMode":0,"name":"Shaded","section":"Shading Mode"},"sceneLighting":false,"audioPlay":false,"sceneViewState":{"showFog":true,"showMaterialUpdate":false,"showSkybox":false,"showFlares":true,"showImageEffects":true,"showParticleSystems":true},"in2DMode":false,"pivot":{"x":1.736454963684082,"y":2.6308579444885256,"z":2.7889342308044435},"rotation":{"x":0.33178380131721499,"y":-0.2741943895816803,"z":0.10145679861307144,"w":0.8969318866729736},"size":7.269150257110596,"orthographic":false}