{"cameraMode":{"drawMode":0,"name":"Shaded","section":"Shading Mode"},"sceneLighting":false,"audioPlay":false,"sceneViewState":{"showFog":true,"showMaterialUpdate":false,"showSkybox":false,"showFlares":true,"showImageEffects":true,"showParticleSystems":true},"in2DMode":false,"pivot":{"x":0.04867911338806152,"y":0.8065336346626282,"z":1.6727951765060425},"rotation":{"x":0.31923842430114748,"y":0.15262079238891602,"z":-0.05217428877949715,"w":0.9338477849960327},"size":2.020728826522827,"orthographic":false}