{"cameraMode":{"drawMode":0,"name":"Shaded","section":"Shading Mode"},"sceneLighting":false,"audioPlay":false,"sceneViewState":{"showFog":true,"showMaterialUpdate":false,"showSkybox":false,"showFlares":true,"showImageEffects":true,"showParticleSystems":true},"in2DMode":false,"pivot":{"x":0.0,"y":0.8421500325202942,"z":-0.016641169786453248},"rotation":{"x":-0.024364719167351724,"y":-0.9533244967460632,"z":0.2905116081237793,"w":-0.07933343946933747},"size":1.3436055183410645,"orthographic":false}