{"cameraMode":{"drawMode":0,"name":"Shaded","section":"Shading Mode"},"sceneLighting":false,"audioPlay":false,"sceneViewState":{"showFog":true,"showMaterialUpdate":false,"showSkybox":false,"showFlares":true,"showImageEffects":true,"showParticleSystems":true},"in2DMode":false,"pivot":{"x":4.101181983947754,"y":-2.1469459533691408,"z":5.461642265319824},"rotation":{"x":-0.23123562335968018,"y":-0.36492806673049929,"z":0.0940796360373497,"w":-0.8969454169273377},"size":6.237554550170898,"orthographic":false}