{"cameraMode":{"drawMode":0,"name":"Shaded","section":"Shading Mode"},"sceneLighting":false,"audioPlay":false,"sceneViewState":{"showFog":true,"showMaterialUpdate":false,"showSkybox":false,"showFlares":true,"showImageEffects":true,"showParticleSystems":true},"in2DMode":false,"pivot":{"x":1.6720192432403565,"y":1.3018649816513062,"z":4.283379077911377},"rotation":{"x":0.5421743988990784,"y":-0.06263503432273865,"z":0.04055636003613472,"w":0.836977481842041},"size":0.39273586869239809,"orthographic":false}