{"cameraMode":{"drawMode":0,"name":"Shaded","section":"Shading Mode"},"sceneLighting":false,"audioPlay":false,"sceneViewState":{"showFog":true,"showMaterialUpdate":false,"showSkybox":false,"showFlares":true,"showImageEffects":true,"showParticleSystems":true},"in2DMode":false,"pivot":{"x":0.3679027557373047,"y":2.29105281829834,"z":-1.155853271484375},"rotation":{"x":0.08678589016199112,"y":-0.9131153225898743,"z":0.2692831754684448,"w":0.2939058244228363},"size":15.686652183532715,"orthographic":false}