{"cameraMode":{"drawMode":0,"name":"Shaded","section":"Shading Mode"},"sceneLighting":false,"audioPlay":false,"sceneViewState":{"showFog":true,"showMaterialUpdate":false,"showSkybox":false,"showFlares":true,"showImageEffects":true,"showParticleSystems":true},"in2DMode":false,"pivot":{"x":0.07602977752685547,"y":0.5547234416007996,"z":-0.060835182666778567},"rotation":{"x":0.31923842430114748,"y":0.15262079238891602,"z":-0.05217428877949715,"w":0.9338477849960327},"size":2.693052053451538,"orthographic":false}