{"cameraMode":{"drawMode":0,"name":"Shaded","section":"Shading Mode"},"sceneLighting":false,"audioPlay":false,"sceneViewState":{"showFog":true,"showMaterialUpdate":false,"showSkybox":false,"showFlares":true,"showImageEffects":true,"showParticleSystems":true},"in2DMode":false,"pivot":{"x":0.031156599521636964,"y":0.17018160223960877,"z":-0.4941714406013489},"rotation":{"x":-0.1581975370645523,"y":0.700595498085022,"z":-0.1638992875814438,"w":-0.6762247085571289},"size":2.5711309909820558,"orthographic":false}