{"cameraMode":{"drawMode":0,"name":"Shaded","section":"Shading Mode"},"sceneLighting":false,"audioPlay":false,"sceneViewState":{"showFog":true,"showMaterialUpdate":false,"showSkybox":false,"showFlares":true,"showImageEffects":true,"showParticleSystems":true},"in2DMode":false,"pivot":{"x":-0.2986188232898712,"y":0.0000010095536708831788,"z":1.5774790048599244},"rotation":{"x":-0.1712881326675415,"y":0.7010232210159302,"z":-0.17960599064826966,"w":-0.6685597896575928},"size":0.3200925588607788,"orthographic":false}