{"cameraMode":{"drawMode":0,"name":"Shaded","section":"Shading Mode"},"sceneLighting":false,"audioPlay":false,"sceneViewState":{"showFog":true,"showMaterialUpdate":false,"showSkybox":false,"showFlares":true,"showImageEffects":true,"showParticleSystems":true},"in2DMode":false,"pivot":{"x":0.9352283477783203,"y":2.5705597400665285,"z":0.4055013656616211},"rotation":{"x":0.043317001312971118,"y":-0.9566580057144165,"z":0.19821785390377046,"w":0.20901824533939362},"size":2.975712299346924,"orthographic":false}