{"cameraMode":{"drawMode":0,"name":"Shaded","section":"Shading Mode"},"sceneLighting":false,"audioPlay":false,"sceneViewState":{"showFog":true,"showMaterialUpdate":false,"showSkybox":false,"showFlares":true,"showImageEffects":true,"showParticleSystems":true},"in2DMode":false,"pivot":{"x":-0.10954678058624268,"y":0.6038130521774292,"z":0.023048996925354005},"rotation":{"x":0.31923842430114748,"y":0.15262079238891602,"z":-0.05217428877949715,"w":0.9338477849960327},"size":0.9767245650291443,"orthographic":false}