{"cameraMode":{"drawMode":0,"name":"Shaded","section":"Shading Mode"},"sceneLighting":false,"audioPlay":false,"sceneViewState":{"showFog":true,"showMaterialUpdate":false,"showSkybox":false,"showFlares":true,"showImageEffects":true,"showParticleSystems":true},"in2DMode":false,"pivot":{"x":0.8049110174179077,"y":2.0559144020080568,"z":2.590287685394287},"rotation":{"x":0.16194142401218415,"y":0.7994018197059631,"z":-0.2475566267967224,"w":0.5229472517967224},"size":2.2323625087738039,"orthographic":false}