{"cameraMode":{"drawMode":0,"name":"Shaded","section":"Shading Mode"},"sceneLighting":false,"audioPlay":false,"sceneViewState":{"showFog":true,"showMaterialUpdate":false,"showSkybox":false,"showFlares":true,"showImageEffects":true,"showParticleSystems":true},"in2DMode":false,"pivot":{"x":9.75,"y":-1.0310815572738648,"z":21.895187377929689},"rotation":{"x":0.16194142401218415,"y":0.7994018197059631,"z":-0.2475566267967224,"w":0.5229472517967224},"size":1.4978435039520264,"orthographic":false}