{"cameraMode":{"drawMode":0,"name":"Shaded","section":"Shading Mode"},"sceneLighting":false,"audioPlay":false,"sceneViewState":{"showFog":true,"showMaterialUpdate":false,"showSkybox":false,"showFlares":true,"showImageEffects":true,"showParticleSystems":true},"in2DMode":false,"pivot":{"x":-0.5992350578308106,"y":-0.08855342864990235,"z":2.526668071746826},"rotation":{"x":-0.09396399557590485,"y":0.8895037174224854,"z":-0.21232372522354127,"w":-0.3937102258205414},"size":5.979898452758789,"orthographic":false}