{"cameraMode":{"drawMode":0,"name":"Shaded","section":"Shading Mode"},"sceneLighting":false,"audioPlay":false,"sceneViewState":{"showFog":true,"showMaterialUpdate":false,"showSkybox":false,"showFlares":true,"showImageEffects":true,"showParticleSystems":true},"in2DMode":false,"pivot":{"x":-0.08415430784225464,"y":0.05680625140666962,"z":-0.046521127223968509},"rotation":{"x":0.028393026441335679,"y":0.9580264091491699,"z":0.10211771726608277,"w":-0.26637792587280276},"size":0.9413084983825684,"orthographic":false}