{"cameraMode":{"drawMode":0,"name":"Shaded","section":"Shading Mode"},"sceneLighting":false,"audioPlay":false,"sceneViewState":{"showFog":true,"showMaterialUpdate":false,"showSkybox":false,"showFlares":true,"showImageEffects":true,"showParticleSystems":true},"in2DMode":false,"pivot":{"x":-1.0681777000427247,"y":-0.7479249835014343,"z":0.9618081450462341},"rotation":{"x":-0.04899401217699051,"y":-0.3430803716182709,"z":-0.01791682280600071,"w":0.9378608465194702},"size":1.3379833698272706,"orthographic":false}