{"cameraMode":{"drawMode":0,"name":"Shaded","section":"Shading Mode"},"sceneLighting":false,"audioPlay":false,"sceneViewState":{"showFog":true,"showMaterialUpdate":false,"showSkybox":false,"showFlares":true,"showImageEffects":true,"showParticleSystems":true},"in2DMode":false,"pivot":{"x":-1.4363549947738648,"y":7.814741611480713,"z":1.53556489944458},"rotation":{"x":0.02569744922220707,"y":-0.09284644573926926,"z":0.002362706232815981,"w":0.9953770041465759},"size":9.600798606872559,"orthographic":false}