{"cameraMode":{"drawMode":0,"name":"Shaded","section":"Shading Mode"},"sceneLighting":false,"audioPlay":false,"sceneViewState":{"showFog":true,"showMaterialUpdate":false,"showSkybox":false,"showFlares":true,"showImageEffects":true,"showParticleSystems":true},"in2DMode":false,"pivot":{"x":7.7766547203063969,"y":4.383596420288086,"z":5.349278450012207},"rotation":{"x":-0.05662141740322113,"y":0.9429254531860352,"z":-0.21611717343330384,"w":-0.2470010668039322},"size":6.97001314163208,"orthographic":false}