{"cameraMode":{"drawMode":0,"name":"Shaded","section":"Shading Mode"},"sceneLighting":false,"audioPlay":false,"sceneViewState":{"showFog":true,"showMaterialUpdate":false,"showSkybox":false,"showFlares":true,"showImageEffects":true,"showParticleSystems":true},"in2DMode":false,"pivot":{"x":-0.30998969078063967,"y":1.5311534404754639,"z":27.933687210083009},"rotation":{"x":0.16194142401218415,"y":0.7994018197059631,"z":-0.2475566267967224,"w":0.5229472517967224},"size":5.365663051605225,"orthographic":false}