{"cameraMode":{"drawMode":0,"name":"Shaded","section":"Shading Mode"},"sceneLighting":false,"audioPlay":false,"sceneViewState":{"showFog":true,"showMaterialUpdate":false,"showSkybox":false,"showFlares":true,"showImageEffects":true,"showParticleSystems":true},"in2DMode":false,"pivot":{"x":0.6307277679443359,"y":6.373979568481445,"z":0.6214215755462647},"rotation":{"x":0.11512798070907593,"y":-0.8771197199821472,"z":0.261556476354599,"w":0.38603097200393679},"size":3.4831085205078127,"orthographic":false}