{"cameraMode":{"drawMode":0,"name":"Shaded","section":"Shading Mode"},"sceneLighting":false,"audioPlay":false,"sceneViewState":{"showFog":true,"showMaterialUpdate":false,"showSkybox":false,"showFlares":true,"showImageEffects":true,"showParticleSystems":true},"in2DMode":false,"pivot":{"x":-3.288153648376465,"y":-4.132361888885498,"z":10.858366012573243},"rotation":{"x":0.37557366490364077,"y":0.4949754476547241,"z":-0.25038573145866396,"w":0.7424821853637695},"size":2.326326370239258,"orthographic":false}