{"cameraMode":{"drawMode":0,"name":"Shaded","section":"Shading Mode"},"sceneLighting":false,"audioPlay":false,"sceneViewState":{"showFog":true,"showMaterialUpdate":false,"showSkybox":false,"showFlares":true,"showImageEffects":true,"showParticleSystems":true},"in2DMode":false,"pivot":{"x":0.2956516742706299,"y":-0.02844858169555664,"z":1.0928558111190797},"rotation":{"x":0.269225537776947,"y":-0.40469077229499819,"z":0.12599612772464753,"w":0.8647992014884949},"size":2.557420015335083,"orthographic":false}