{"cameraMode":{"drawMode":0,"name":"Shaded","section":"Shading Mode"},"sceneLighting":false,"audioPlay":false,"sceneViewState":{"showFog":true,"showMaterialUpdate":false,"showSkybox":false,"showFlares":true,"showImageEffects":true,"showParticleSystems":true},"in2DMode":false,"pivot":{"x":0.000006198883056640625,"y":0.1608598828315735,"z":0.0},"rotation":{"x":-0.00818350538611412,"y":0.9889521598815918,"z":0.13552513718605042,"w":0.0597090944647789},"size":4.225097179412842,"orthographic":false}